{
  "accuracy": {
    "mean": 0.486046511627907,
    "std": 0.0617922337469136
  },
  "balanced_accuracy": {
    "mean": 0.5629268292682927,
    "std": 0.03240324452582057
  },
  "precision_crisis": {
    "mean": 0.10283282462142333,
    "std": 0.013658602666880536
  },
  "recall_crisis": {
    "mean": 1.0,
    "std": 0.0
  },
  "f1_crisis": {
    "mean": 0.18621044147817603,
    "std": 0.022453084105596606
  },
  "g_mean": {
    "mean": 0.5409764194937438,
    "std": 0.04345199536202839
  }
}