{
  "accuracy": {
    "mean": 0.24800000000000005,
    "std": 0.07756287771866126
  },
  "balanced_accuracy": {
    "mean": 0.591304347826087,
    "std": 0.04215373789057679
  },
  "precision_crisis": {
    "mean": 0.09707009206151082,
    "std": 0.00990010397985424
  },
  "recall_crisis": {
    "mean": 1.0,
    "std": 0.0
  },
  "f1_crisis": {
    "mean": 0.17681546472850823,
    "std": 0.016286340825375542
  },
  "g_mean": {
    "mean": 0.41581266813669415,
    "std": 0.09853182566672213
  }
}