{
  "accuracy": {
    "mean": 0.6217948717948717,
    "std": 0.09992600812897369
  },
  "balanced_accuracy": {
    "mean": 0.802027027027026,
    "std": 0.08524968162801042
  },
  "precision_crisis": {
    "mean": 0.11682779035400517,
    "std": 0.029286586386129753
  },
  "recall_crisis": {
    "mean": 0.925,
    "std": 0.17853571071357124
  },
  "f1_crisis": {
    "mean": 0.2062236721415615,
    "std": 0.048495362150570924
  },
  "g_mean": {
    "mean": 0.7679914200009277,
    "std": 0.08984078532446864
  }
}