{
  "accuracy": {
    "mean": 0.819047619047619,
    "std": 0.17076591501943914
  },
  "balanced_accuracy": {
    "mean": 0.8574999999999999,
    "std": 0.14728798321655437
  },
  "precision_crisis": {
    "mean": 0.32781135531135536,
    "std": 0.3161267728628552
  },
  "recall_crisis": {
    "mean": 0.9,
    "std": 0.30000000000000004
  },
  "f1_crisis": {
    "mean": 0.4226623376623377,
    "std": 0.30449174569553883
  },
  "g_mean": {
    "mean": 0.7959529791629907,
    "std": 0.2854099769832161
  }
}