{
  "accuracy": {
    "mean": 0.6205128205128204,
    "std": 0.11933411567405226
  },
  "balanced_accuracy": {
    "mean": 0.7645270270270271,
    "std": 0.10769081201953053
  },
  "precision_crisis": {
    "mean": 0.12033479519463501,
    "std": 0.03808742488854059
  },
  "recall_crisis": {
    "mean": 0.925,
    "std": 0.17853571071357124
  },
  "f1_crisis": {
    "mean": 0.21142284583844684,
    "std": 0.06242426277231601
  },
  "g_mean": {
    "mean": 0.7385124052282283,
    "std": 0.1127277048117506
  }
}