{
  "accuracy": {
    "mean": 0.5952380952380951,
    "std": 0.15971914124998499
  },
  "balanced_accuracy": {
    "mean": 0.7637499999999999,
    "std": 0.10591122461760132
  },
  "precision_crisis": {
    "mean": 0.1073550061050061,
    "std": 0.04134418863088711
  },
  "recall_crisis": {
    "mean": 0.95,
    "std": 0.21794494717703372
  },
  "f1_crisis": {
    "mean": 0.19130702630702628,
    "std": 0.06938813312121304
  },
  "g_mean": {
    "mean": 0.7032318655813706,
    "std": 0.1948459474326962
  }
}