{
  "accuracy": {
    "mean": 0.30600000000000005,
    "std": 0.11119352499134111
  },
  "balanced_accuracy": {
    "mean": 0.6228260869565218,
    "std": 0.06043126358225061
  },
  "precision_crisis": {
    "mean": 0.10562970055923349,
    "std": 0.01602635767592655
  },
  "recall_crisis": {
    "mean": 1.0,
    "std": 0.0
  },
  "f1_crisis": {
    "mean": 0.1906994015367282,
    "std": 0.025990510982316282
  },
  "g_mean": {
    "mean": 0.47175042457569766,
    "std": 0.15199904876574882
  }
}