{
  "accuracy": {
    "mean": 0.586046511627907,
    "std": 0.05818602792184561
  },
  "balanced_accuracy": {
    "mean": 0.7710365853658536,
    "std": 0.05296373193662219
  },
  "precision_crisis": {
    "mean": 0.10007987456823102,
    "std": 0.01462821412981896
  },
  "recall_crisis": {
    "mean": 0.975,
    "std": 0.10897247358851686
  },
  "f1_crisis": {
    "mean": 0.18126030975849253,
    "std": 0.025132434669885004
  },
  "g_mean": {
    "mean": 0.7399887529239414,
    "std": 0.0550127407391331
  }
}