{
  "accuracy": {
    "mean": 0.6244186046511626,
    "std": 0.032287077620732144
  },
  "balanced_accuracy": {
    "mean": 0.6554878048780489,
    "std": 0.0894472915492511
  },
  "precision_crisis": {
    "mean": 0.10064348985208119,
    "std": 0.017970055906959756
  },
  "recall_crisis": {
    "mean": 0.9,
    "std": 0.2
  },
  "f1_crisis": {
    "mean": 0.18085668717247666,
    "std": 0.032961834862965236
  },
  "g_mean": {
    "mean": 0.633752014950538,
    "std": 0.08203616138958206
  }
}