{
  "accuracy": {
    "mean": 0.6239999999999999,
    "std": 0.10229369482035537
  },
  "balanced_accuracy": {
    "mean": 0.658695652173913,
    "std": 0.09614497559780863
  },
  "precision_crisis": {
    "mean": 0.14012556887556887,
    "std": 0.032530049933558645
  },
  "recall_crisis": {
    "mean": 0.7,
    "std": 0.24494897427831783
  },
  "f1_crisis": {
    "mean": 0.22998071373071377,
    "std": 0.05129345008305572
  },
  "g_mean": {
    "mean": 0.6369605311943396,
    "std": 0.08558481151170579
  }
}