{
    "accuracy": 0.627906976744186,
    "balanced_accuracy": 0.8048780487804879,
    "confusion_matrix": [
        [
            25,
            16
        ],
        [
            0,
            2
        ]
    ],
    "classification_report": {
        "0": {
            "precision": 1.0,
            "recall": 0.6097560975609756,
            "f1-score": 0.7575757575757576,
            "support": 41.0
        },
        "1": {
            "precision": 0.1111111111111111,
            "recall": 1.0,
            "f1-score": 0.2,
            "support": 2.0
        },
        "accuracy": 0.627906976744186,
        "macro avg": {
            "precision": 0.5555555555555556,
            "recall": 0.8048780487804879,
            "f1-score": 0.47878787878787876,
            "support": 43.0
        },
        "weighted avg": {
            "precision": 0.958656330749354,
            "recall": 0.627906976744186,
            "f1-score": 0.7316420014094432,
            "support": 43.0
        }
    }
}