{
    "accuracy": 0.2,
    "balanced_accuracy": 0.5652173913043478,
    "confusion_matrix": [
        [
            3,
            20
        ],
        [
            0,
            2
        ]
    ],
    "classification_report": {
        "0": {
            "precision": 1.0,
            "recall": 0.13043478260869565,
            "f1-score": 0.23076923076923078,
            "support": 23.0
        },
        "1": {
            "precision": 0.09090909090909091,
            "recall": 1.0,
            "f1-score": 0.16666666666666666,
            "support": 2.0
        },
        "accuracy": 0.2,
        "macro avg": {
            "precision": 0.5454545454545454,
            "recall": 0.5652173913043478,
            "f1-score": 0.19871794871794873,
            "support": 25.0
        },
        "weighted avg": {
            "precision": 0.9272727272727274,
            "recall": 0.2,
            "f1-score": 0.22564102564102564,
            "support": 25.0
        }
    }
}