{
    "accuracy": 0.7619047619047619,
    "balanced_accuracy": 0.875,
    "confusion_matrix": [
        [
            15,
            5
        ],
        [
            0,
            1
        ]
    ],
    "classification_report": {
        "0": {
            "precision": 1.0,
            "recall": 0.75,
            "f1-score": 0.8571428571428571,
            "support": 20.0
        },
        "1": {
            "precision": 0.16666666666666666,
            "recall": 1.0,
            "f1-score": 0.2857142857142857,
            "support": 1.0
        },
        "accuracy": 0.7619047619047619,
        "macro avg": {
            "precision": 0.5833333333333334,
            "recall": 0.875,
            "f1-score": 0.5714285714285714,
            "support": 21.0
        },
        "weighted avg": {
            "precision": 0.9603174603174603,
            "recall": 0.7619047619047619,
            "f1-score": 0.8299319727891156,
            "support": 21.0
        }
    }
}