{
    "accuracy": 0.7435897435897436,
    "balanced_accuracy": 0.8648648648648649,
    "confusion_matrix": [
        [
            27,
            10
        ],
        [
            0,
            2
        ]
    ],
    "classification_report": {
        "0": {
            "precision": 1.0,
            "recall": 0.7297297297297297,
            "f1-score": 0.84375,
            "support": 37.0
        },
        "1": {
            "precision": 0.16666666666666666,
            "recall": 1.0,
            "f1-score": 0.2857142857142857,
            "support": 2.0
        },
        "accuracy": 0.7435897435897436,
        "macro avg": {
            "precision": 0.5833333333333334,
            "recall": 0.8648648648648649,
            "f1-score": 0.5647321428571428,
            "support": 39.0
        },
        "weighted avg": {
            "precision": 0.9572649572649573,
            "recall": 0.7435897435897436,
            "f1-score": 0.8151327838827839,
            "support": 39.0
        }
    }
}