{
    "accuracy": 0.64,
    "balanced_accuracy": 0.8043478260869565,
    "confusion_matrix": [
        [
            14,
            9
        ],
        [
            0,
            2
        ]
    ],
    "classification_report": {
        "0": {
            "precision": 1.0,
            "recall": 0.6086956521739131,
            "f1-score": 0.7567567567567568,
            "support": 23.0
        },
        "1": {
            "precision": 0.18181818181818182,
            "recall": 1.0,
            "f1-score": 0.3076923076923077,
            "support": 2.0
        },
        "accuracy": 0.64,
        "macro avg": {
            "precision": 0.5909090909090909,
            "recall": 0.8043478260869565,
            "f1-score": 0.5322245322245323,
            "support": 25.0
        },
        "weighted avg": {
            "precision": 0.9345454545454546,
            "recall": 0.64,
            "f1-score": 0.7208316008316009,
            "support": 25.0
        }
    }
}