{
    "accuracy": 0.46511627906976744,
    "balanced_accuracy": 0.7195121951219512,
    "confusion_matrix": [
        [
            18,
            23
        ],
        [
            0,
            2
        ]
    ],
    "classification_report": {
        "0": {
            "precision": 1.0,
            "recall": 0.43902439024390244,
            "f1-score": 0.6101694915254238,
            "support": 41.0
        },
        "1": {
            "precision": 0.08,
            "recall": 1.0,
            "f1-score": 0.14814814814814814,
            "support": 2.0
        },
        "accuracy": 0.46511627906976744,
        "macro avg": {
            "precision": 0.54,
            "recall": 0.7195121951219512,
            "f1-score": 0.37915881983678595,
            "support": 43.0
        },
        "weighted avg": {
            "precision": 0.9572093023255813,
            "recall": 0.46511627906976744,
            "f1-score": 0.5886801267171784,
            "support": 43.0
        }
    }
}