{
    "accuracy": 0.52,
    "balanced_accuracy": 0.7391304347826086,
    "confusion_matrix": [
        [
            11,
            12
        ],
        [
            0,
            2
        ]
    ],
    "classification_report": {
        "0": {
            "precision": 1.0,
            "recall": 0.4782608695652174,
            "f1-score": 0.6470588235294118,
            "support": 23.0
        },
        "1": {
            "precision": 0.14285714285714285,
            "recall": 1.0,
            "f1-score": 0.25,
            "support": 2.0
        },
        "accuracy": 0.52,
        "macro avg": {
            "precision": 0.5714285714285714,
            "recall": 0.7391304347826086,
            "f1-score": 0.4485294117647059,
            "support": 25.0
        },
        "weighted avg": {
            "precision": 0.9314285714285714,
            "recall": 0.52,
            "f1-score": 0.6152941176470589,
            "support": 25.0
        }
    }
}