{
    "accuracy": 0.7441860465116279,
    "balanced_accuracy": 0.8658536585365854,
    "confusion_matrix": [
        [
            30,
            11
        ],
        [
            0,
            2
        ]
    ],
    "classification_report": {
        "0": {
            "precision": 1.0,
            "recall": 0.7317073170731707,
            "f1-score": 0.8450704225352113,
            "support": 41.0
        },
        "1": {
            "precision": 0.15384615384615385,
            "recall": 1.0,
            "f1-score": 0.26666666666666666,
            "support": 2.0
        },
        "accuracy": 0.7441860465116279,
        "macro avg": {
            "precision": 0.5769230769230769,
            "recall": 0.8658536585365854,
            "f1-score": 0.5558685446009389,
            "support": 43.0
        },
        "weighted avg": {
            "precision": 0.960644007155635,
            "recall": 0.7441860465116279,
            "f1-score": 0.8181679222622557,
            "support": 43.0
        }
    }
}